STUDENT_ID,FULL-NAME,DOB,GENDER,CURRENT_ADDRESS,PERMANENT_ADDRESS,EMAIL_ID,CONTACT_NO,UNIVERSITY-NAME,ENROLL_DATE,STREAM_NAME
3310,Penny Freeman,2000-04-08,Female,"83842 Sampson Run New Zacharyberg, FL 36681","83842 Sampson Run New Zacharyberg, FL 36681",dustin23@hotmail.com,9357691109,University of Manchester,2000-03-11,Medical
4370,Todd Weber Jr.,2018-03-08,Male,"25301 Howard Terrace Port Christopher, MA 74669","25301 Howard Terrace Port Christopher, MA 74669",jillrogers@gmail.com,8457504643,University of Chicago,2018-01-14,Engineering
1890,Michael Craig,1982-09-14,Male,"388 Jones Avenue Mooreview, GA 34854","388 Jones Avenue Mooreview, GA 34854",ywright@gmail.com,4688092669,Imperial College of London,1982-06-19,Law
1488,Melissa Glover,1907-03-17,Female,"6023 Kenneth Inlet Schwartzview, LA 93296","6023 Kenneth Inlet Schwartzview, LA 93296",hammondjeremiah@yahoo.com,1454934078,Cambridge,1907-02-06,Science
3769,Jillian Allison,2002-08-06,Female,"46326 Strickland Village Huntermouth, VA 15353","46326 Strickland Village Huntermouth, VA 15353",whumphrey@yahoo.com,3532416548,Oxford,2002-06-09,Engineering
1078,David Thomas,1992-11-22,Male,"936 Henry Courts South Dawnborough, VI 92163","936 Henry Courts South Dawnborough, VI 92163",kali@hotmail.com,2431991643,Cambridge,1992-08-29,Computers
3452,Kathryn Campbell,2013-07-29,Female,"0221 Osborne Crossing Keithton, NV 07565","0221 Osborne Crossing Keithton, NV 07565",seanwilson@gmail.com,8192827075,Cambridge,2013-05-05,Medical
